{"cameraMode":{"drawMode":0,"name":"Shaded","section":"Shading Mode"},"sceneLighting":true,"audioPlay":false,"sceneViewState":{"m_AlwaysRefresh":false,"showFog":true,"showSkybox":false,"showFlares":true,"showImageEffects":true,"showParticleSystems":true,"showVisualEffectGraphs":true,"m_FxEnabled":true},"in2DMode":false,"pivot":{"x":0.0006999969482421875,"y":0.0020704269409179689,"z":0.0012598037719726563},"rotation":{"x":0.15291349589824677,"y":-0.8144077062606812,"z":0.2482132911682129,"w":0.5018973350524902},"size":18.186532974243165,"orthographic":false}