{"cameraMode":{"drawMode":0,"name":"Shaded","section":"Shading Mode"},"sceneLighting":true,"audioPlay":false,"sceneViewState":{"m_AlwaysRefresh":false,"showFog":true,"showSkybox":true,"showFlares":true,"showImageEffects":true,"showParticleSystems":true,"showVisualEffectGraphs":true,"m_FxEnabled":true},"in2DMode":false,"pivot":{"x":-9.923490524291993,"y":-10.921667098999024,"z":-22.440860748291017},"rotation":{"x":0.13836133480072022,"y":-0.6104831099510193,"z":0.10939360409975052,"w":0.7721427083015442},"size":59.630638122558597,"orthographic":false}