{"cameraMode":{"drawMode":0,"name":"Shaded","section":"Shading Mode"},"sceneLighting":true,"audioPlay":false,"sceneViewState":{"m_AlwaysRefresh":false,"showFog":true,"showSkybox":true,"showFlares":true,"showImageEffects":true,"showParticleSystems":true,"showVisualEffectGraphs":true,"m_FxEnabled":true},"in2DMode":false,"pivot":{"x":-4.356250762939453,"y":8.892895698547364,"z":-1186.2513427734375},"rotation":{"x":0.056389179080724719,"y":-0.9159440994262695,"z":0.1387225091457367,"w":0.37234199047088625},"size":26.213510513305665,"orthographic":false}