{"cameraMode":{"drawMode":0,"name":"Shaded","section":"Shading Mode"},"sceneLighting":true,"audioPlay":false,"sceneViewState":{"m_AlwaysRefresh":false,"showFog":true,"showSkybox":true,"showFlares":true,"showImageEffects":true,"showParticleSystems":true,"showVisualEffectGraphs":true,"m_FxEnabled":true},"in2DMode":false,"pivot":{"x":-94.79518127441406,"y":-10.52908706665039,"z":187.21559143066407},"rotation":{"x":-0.012040832079946995,"y":-0.9665100574493408,"z":0.2522650361061096,"w":-0.04614485800266266},"size":30.087230682373048,"orthographic":false}