{"cameraMode":{"drawMode":0,"name":"Shaded","section":"Shading Mode"},"sceneLighting":false,"audioPlay":false,"sceneViewState":{"m_AlwaysRefresh":false,"showFog":true,"showSkybox":false,"showFlares":true,"showImageEffects":true,"showParticleSystems":true,"showVisualEffectGraphs":true,"m_FxEnabled":true},"in2DMode":false,"pivot":{"x":0.8070970773696899,"y":6.666026592254639,"z":-0.45541223883628847},"rotation":{"x":-0.26231417059898379,"y":0.11316074430942536,"z":-0.03098943457007408,"w":-0.9578268527984619},"size":1.354292631149292,"orthographic":false}